patient_id,subset,tumor_type,n_slices
CHENG-100360,train,meningioma,18
CHENG-100416,test,glioma,4
CHENG-100572,test,meningioma,8
CHENG-100639,test,meningioma,2
CHENG-100820,train,glioma,17
CHENG-100920,train,meningioma,3
CHENG-101016,train,meningioma,17
CHENG-101017,test,pituitario,15
CHENG-101020,train,glioma,18
CHENG-101029,val,pituitario,19
CHENG-101082,train,meningioma,2
CHENG-101127,train,meningioma,12
CHENG-101145,train,pituitario,12
CHENG-101305,train,pituitario,16
CHENG-101384,train,glioma,3
CHENG-101724,train,pituitario,11
CHENG-101797,val,meningioma,15
CHENG-101801,train,meningioma,3
CHENG-102075,val,glioma,9
CHENG-102420,train,meningioma,7
CHENG-102446,test,meningioma,4
CHENG-102648,val,pituitario,17
CHENG-102669,train,pituitario,3
CHENG-102675,val,meningioma,5
CHENG-102714,test,meningioma,13
CHENG-102818,train,meningioma,4
CHENG-102929,train,meningioma,8
CHENG-102935,test,meningioma,3
CHENG-102960,train,meningioma,5
CHENG-102985,train,meningioma,3
CHENG-103046,train,pituitario,11
CHENG-103148,val,glioma,12
CHENG-103257,train,pituitario,18
CHENG-103478,train,pituitario,23
CHENG-103582,train,pituitario,19
CHENG-103670,train,pituitario,11
CHENG-103671,test,pituitario,15
CHENG-103673,train,meningioma,18
CHENG-103731,train,pituitario,22
CHENG-103837,train,pituitario,20
CHENG-103925,train,meningioma,15
CHENG-104019,train,pituitario,13
CHENG-104167,train,meningioma,15
CHENG-104281,train,meningioma,17
CHENG-104558,test,pituitario,24
CHENG-104684,val,pituitario,23
CHENG-104695,train,meningioma,3
CHENG-104912,train,pituitario,17
CHENG-105187,test,pituitario,16
CHENG-105374,train,meningioma,5
CHENG-105475,test,pituitario,10
CHENG-105538,train,pituitario,7
CHENG-105555,train,meningioma,6
CHENG-105638,train,pituitario,13
CHENG-105653,train,glioma,2
CHENG-105936,test,pituitario,11
CHENG-105937,train,meningioma,9
CHENG-106062,train,pituitario,21
CHENG-106284,train,meningioma,13
CHENG-106442,train,meningioma,10
CHENG-106494,train,glioma,18
CHENG-106534,train,meningioma,6
CHENG-106592,train,meningioma,1
CHENG-106665,train,meningioma,19
CHENG-106720,train,meningioma,17
CHENG-106914,val,meningioma,15
CHENG-107190,val,meningioma,4
CHENG-107248,train,meningioma,15
CHENG-107429,train,pituitario,20
CHENG-107494,train,meningioma,15
CHENG-107495,train,pituitario,18
CHENG-107505,train,pituitario,17
CHENG-107743,train,pituitario,14
CHENG-107747,val,glioma,15
CHENG-107946,val,meningioma,4
CHENG-108479,test,glioma,2
CHENG-108514,train,meningioma,18
CHENG-108550,train,meningioma,6
CHENG-108590,val,meningioma,6
CHENG-108858,train,pituitario,15
CHENG-108931,train,pituitario,15
CHENG-108945,train,meningioma,12
CHENG-109350,train,meningioma,2
CHENG-109411,train,meningioma,3
CHENG-109471,val,pituitario,16
CHENG-109769,test,pituitario,14
CHENG-109898,test,pituitario,15
CHENG-109968,val,meningioma,12
CHENG-110116,val,meningioma,5
CHENG-110518,train,pituitario,12
CHENG-110537,train,pituitario,13
CHENG-110808,train,meningioma,2
CHENG-110993,train,pituitario,12
CHENG-111075,val,pituitario,17
CHENG-111077,test,meningioma,10
CHENG-111125,train,pituitario,14
CHENG-111366,train,meningioma,12
CHENG-111532,test,meningioma,11
CHENG-111696,train,meningioma,1
CHENG-111710,train,meningioma,2
CHENG-111785,val,pituitario,13
CHENG-112002,train,meningioma,12
CHENG-112027,test,glioma,2
CHENG-112062,train,meningioma,10
CHENG-112074,val,pituitario,14
CHENG-112105,train,glioma,24
CHENG-112252,test,meningioma,6
CHENG-112552,train,meningioma,21
CHENG-112648,train,meningioma,10
CHENG-112649,train,pituitario,16
CHENG-112650,train,meningioma,2
CHENG-112746,train,pituitario,12
CHENG-112847,train,pituitario,13
CHENG-113098,train,meningioma,4
CHENG-113274,train,pituitario,10
CHENG-113435,train,meningioma,20
CHENG-113554,train,meningioma,10
CHENG-113614,train,meningioma,4
CHENG-113741,val,pituitario,8
CHENG-113805,train,meningioma,4
CHENG-113971,train,meningioma,2
CHENG-114018,test,meningioma,15
CHENG-114040,train,pituitario,9
CHENG-114094,test,pituitario,13
CHENG-114359,train,meningioma,19
CHENG-114361,train,pituitario,10
CHENG-114417,train,meningioma,4
CHENG-53669,train,meningioma,1
CHENG-58392,train,pituitario,1
CHENG-88510,train,meningioma,1
CHENG-88670,train,glioma,12
CHENG-90284,train,glioma,19
CHENG-92897,train,glioma,4
CHENG-93329,train,glioma,5
CHENG-93825,train,glioma,7
CHENG-94731,train,glioma,3
CHENG-95142,train,glioma,9
CHENG-95969,train,meningioma,1
CHENG-96587,train,glioma,4
CHENG-97374,train,meningioma,5
CHENG-97416,test,pituitario,24
CHENG-97461,train,pituitario,25
CHENG-97481,val,pituitario,14
CHENG-97599,train,pituitario,7
CHENG-97607,train,meningioma,12
CHENG-97609,val,glioma,10
CHENG-97737,val,meningioma,15
CHENG-97793,train,meningioma,1
CHENG-97875,test,meningioma,8
CHENG-97890,train,pituitario,14
CHENG-97943,train,meningioma,15
CHENG-98241,val,meningioma,19
CHENG-98472,val,pituitario,18
CHENG-98652,train,pituitario,12
CHENG-98871,val,pituitario,20
CHENG-98874,test,pituitario,16
CHENG-98889,test,glioma,6
CHENG-98992,test,pituitario,25
CHENG-98995,test,pituitario,16
CHENG-99017,train,meningioma,6
CHENG-99089,train,meningioma,13
CHENG-99162,train,meningioma,3
CHENG-99223,train,pituitario,21
CHENG-99288,train,meningioma,3
CHENG-99308,train,meningioma,15
CHENG-99815,train,meningioma,6
CHENG-MR017260F,train,glioma,23
CHENG-MR024780B,train,glioma,8
CHENG-MR024780D,val,glioma,7
CHENG-MR024780E,train,glioma,7
CHENG-MR024780G,train,glioma,29
CHENG-MR026175C,train,glioma,18
CHENG-MR026175E,train,glioma,22
CHENG-MR029209E,val,glioma,24
CHENG-MR029209G,train,glioma,20
CHENG-MR029209I,train,glioma,26
CHENG-MR031409B,train,glioma,7
CHENG-MR032322C,train,glioma,38
CHENG-MR033389B,test,glioma,24
CHENG-MR033420,test,glioma,26
CHENG-MR034694,test,glioma,15
CHENG-MR034997,train,glioma,21
CHENG-MR036496B,train,glioma,16
CHENG-MR037458B,train,glioma,21
CHENG-MR037458C,val,glioma,19
CHENG-MR038469,train,glioma,18
CHENG-MR039473,train,glioma,15
CHENG-MR039473B,train,glioma,23
CHENG-MR040240,train,glioma,28
CHENG-MR040240B,test,glioma,25
CHENG-MR040240C,train,glioma,31
CHENG-MR040240D,val,glioma,13
CHENG-MR047953C,test,glioma,9
CHENG-MR048294,train,glioma,22
CHENG-MR048294B,train,glioma,15
CHENG-MR048297,train,glioma,17
CHENG-MR048621B,train,glioma,19
CHENG-MR048944,test,glioma,23
CHENG-MR048944B,train,glioma,13
CHENG-MR048994,train,glioma,26
CHENG-MR048994B,train,glioma,17
CHENG-MR049019C,train,glioma,12
CHENG-MR049019G,val,glioma,15
CHENG-MR049104,train,glioma,9
CHENG-MR049104B,train,glioma,8
CHENG-MR049142,train,glioma,10
CHENG-MR049242C,train,glioma,5
CHENG-MR049358,train,glioma,26
CHENG-MR049453,val,glioma,25
CHENG-MR049453B,test,glioma,22
CHENG-MR049942B,val,glioma,10
CHENG-MR050135B,train,glioma,34
CHENG-MR050687,train,glioma,22
CHENG-MR050687C,train,glioma,18
CHENG-MR050791B,val,glioma,22
CHENG-MR051461,train,glioma,23
CHENG-MR051461B,train,glioma,9
CHENG-MR051586,test,glioma,22
CHENG-MR051644,train,glioma,37
CHENG-MR051644B,train,glioma,16
CHENG-MR051644C,train,glioma,35
CHENG-MR051651,train,glioma,17
CHENG-MR051651B,val,glioma,19
CHENG-MR051796,val,glioma,20
CHENG-MR051796B,train,glioma,11
CHENG-MR052550,train,glioma,18
CHENG-MR052585B,train,glioma,6
CHENG-MR053110B,train,glioma,19
CHENG-MR053110E,train,glioma,22
CHENG-MR053241C,train,glioma,4
CHENG-MR054683,train,glioma,6
CHENG-MR054875,train,glioma,9
CHENG-MR056144,train,glioma,5
