patient_id,tumor_type,n_cortes,p_glioma,p_meningioma,p_pituitario,pred_idx,pred,correcto,confianza,fold,training_seed
CHENG-100360,meningioma,18,0.36961317,0.5454304,0.084956415,1,meningioma,True,0.5454304,3,1003
CHENG-100416,glioma,4,0.7806173,0.21929616,8.649698e-05,0,glioma,True,0.7806173,1,1001
CHENG-100572,meningioma,8,0.0011888916,0.072818495,0.9259926,2,pituitario,False,0.9259926,2,1002
CHENG-100639,meningioma,2,0.5117752,0.48601305,0.0022117412,0,glioma,False,0.5117752,4,1004
CHENG-100820,glioma,17,0.35025135,0.63816583,0.011582873,1,meningioma,False,0.63816583,5,1005
CHENG-100920,meningioma,3,0.007994032,0.991849,0.00015697132,1,meningioma,True,0.991849,1,1001
CHENG-101016,meningioma,17,0.016482422,0.9665037,0.017013913,1,meningioma,True,0.9665037,2,1002
CHENG-101017,pituitario,15,0.00010415507,0.0008702131,0.99902564,2,pituitario,True,0.99902564,3,1003
CHENG-101020,glioma,18,0.36380222,0.5936214,0.04257643,1,meningioma,False,0.5936214,5,1005
CHENG-101029,pituitario,19,0.0010935277,0.0186919,0.9802146,2,pituitario,True,0.9802146,4,1004
CHENG-101082,meningioma,2,0.18469825,0.8123016,0.003000187,1,meningioma,True,0.8123016,1,1001
CHENG-101127,meningioma,12,0.020819405,0.17754972,0.8016309,2,pituitario,False,0.8016309,2,1002
CHENG-101145,pituitario,12,0.00012242737,0.004524971,0.99535257,2,pituitario,True,0.99535257,3,1003
CHENG-101305,pituitario,16,0.004501054,0.021549074,0.97394985,2,pituitario,True,0.97394985,4,1004
CHENG-101384,glioma,3,0.7813683,0.21817964,0.0004520289,0,glioma,True,0.7813683,5,1005
CHENG-101724,pituitario,11,0.00045363966,0.004161132,0.9953852,2,pituitario,True,0.9953852,1,1001
CHENG-101797,meningioma,15,0.24453764,0.75382644,0.0016359141,1,meningioma,True,0.75382644,4,1004
CHENG-101801,meningioma,3,0.12814675,0.45837578,0.41347742,1,meningioma,True,0.45837578,2,1002
CHENG-102075,glioma,9,0.42973697,0.45844766,0.11181535,1,meningioma,False,0.45844766,3,1003
CHENG-102420,meningioma,7,0.09137595,0.6529177,0.2557064,1,meningioma,True,0.6529177,5,1005
CHENG-102446,meningioma,4,0.026718756,0.6254933,0.34778792,1,meningioma,True,0.6254933,2,1002
CHENG-102648,pituitario,17,0.6227281,0.15567267,0.22159919,0,glioma,False,0.6227281,4,1004
CHENG-102669,pituitario,3,4.7189667e-05,0.001444549,0.9985083,2,pituitario,True,0.9985083,1,1001
CHENG-102675,meningioma,5,0.1348135,0.8123164,0.052870106,1,meningioma,True,0.8123164,5,1005
CHENG-102714,meningioma,13,0.16883554,0.69084466,0.14031981,1,meningioma,True,0.69084466,3,1003
CHENG-102818,meningioma,4,0.21440925,0.6571659,0.12842484,1,meningioma,True,0.6571659,1,1001
CHENG-102929,meningioma,8,0.077046216,0.22295724,0.6999966,2,pituitario,False,0.6999966,2,1002
CHENG-102935,meningioma,3,0.09682903,0.8698924,0.033278532,1,meningioma,True,0.8698924,3,1003
CHENG-102960,meningioma,5,0.8683082,0.13152352,0.0001683707,0,glioma,False,0.8683082,4,1004
CHENG-102985,meningioma,3,0.09532514,0.88311917,0.02155569,1,meningioma,True,0.88311917,5,1005
CHENG-103046,pituitario,11,6.7041083e-06,0.00020631426,0.999787,2,pituitario,True,0.999787,4,1004
CHENG-103148,glioma,12,0.43421575,0.56341445,0.0023698166,1,meningioma,False,0.56341445,1,1001
CHENG-103257,pituitario,18,0.009235609,0.0025404668,0.9882239,2,pituitario,True,0.9882239,2,1002
CHENG-103478,pituitario,23,0.04135536,0.081630304,0.87701434,2,pituitario,True,0.87701434,3,1003
CHENG-103582,pituitario,19,0.0009924718,0.03092128,0.96808624,2,pituitario,True,0.96808624,5,1005
CHENG-103670,pituitario,11,4.1066647e-05,0.004257698,0.9957012,2,pituitario,True,0.9957012,5,1005
CHENG-103671,pituitario,15,0.021023942,0.16630909,0.81266695,2,pituitario,True,0.81266695,1,1001
CHENG-103673,meningioma,18,1.6325352e-05,0.00010996322,0.9998737,2,pituitario,False,0.9998737,2,1002
CHENG-103731,pituitario,22,0.008497398,0.008883978,0.9826186,2,pituitario,True,0.9826186,3,1003
CHENG-103837,pituitario,20,4.154981e-06,0.004742778,0.9952531,2,pituitario,True,0.9952531,4,1004
CHENG-103925,meningioma,15,0.30061138,0.45154727,0.24784136,1,meningioma,True,0.45154727,3,1003
CHENG-104019,pituitario,13,2.3899569e-05,0.001034796,0.9989413,2,pituitario,True,0.9989413,2,1002
CHENG-104167,meningioma,15,0.11461576,0.8647213,0.020662956,1,meningioma,True,0.8647213,1,1001
CHENG-104281,meningioma,17,0.2485238,0.7513254,0.00015078795,1,meningioma,True,0.7513254,4,1004
CHENG-104558,pituitario,24,0.040780272,0.12347436,0.83574533,2,pituitario,True,0.83574533,5,1005
CHENG-104684,pituitario,23,0.00015934945,0.0016943372,0.9981463,2,pituitario,True,0.9981463,1,1001
CHENG-104695,meningioma,3,0.3082631,0.6364859,0.05525109,1,meningioma,True,0.6364859,2,1002
CHENG-104912,pituitario,17,0.00081936014,0.0065822266,0.99259835,2,pituitario,True,0.99259835,3,1003
CHENG-105187,pituitario,16,0.0019177557,0.022185072,0.9758972,2,pituitario,True,0.9758972,5,1005
CHENG-105374,meningioma,5,0.06734323,0.7933507,0.13930605,1,meningioma,True,0.7933507,1,1001
CHENG-105475,pituitario,10,0.0015444187,0.12383302,0.8746225,2,pituitario,True,0.8746225,4,1004
CHENG-105538,pituitario,7,0.1225276,0.67021894,0.20725347,1,meningioma,False,0.67021894,2,1002
CHENG-105555,meningioma,6,0.2585788,0.736741,0.0046801926,1,meningioma,True,0.736741,3,1003
CHENG-105638,pituitario,13,0.0032037022,0.002660569,0.99413574,2,pituitario,True,0.99413574,4,1004
CHENG-105653,glioma,2,0.05347203,0.6181897,0.32833833,1,meningioma,False,0.6181897,5,1005
CHENG-105936,pituitario,11,8.166378e-06,0.00020698561,0.9997848,2,pituitario,True,0.9997848,1,1001
CHENG-105937,meningioma,9,0.037586883,0.8551417,0.107271455,1,meningioma,True,0.8551417,2,1002
CHENG-106062,pituitario,21,0.019189103,0.055650037,0.9251609,2,pituitario,True,0.9251609,4,1004
CHENG-106284,meningioma,13,0.2947524,0.6909292,0.014318451,1,meningioma,True,0.6909292,3,1003
CHENG-106442,meningioma,10,0.34867558,0.6510918,0.00023262684,1,meningioma,True,0.6510918,5,1005
CHENG-106494,glioma,18,0.4014118,0.5949417,0.0036465703,1,meningioma,False,0.5949417,1,1001
CHENG-106534,meningioma,6,0.09997208,0.8587335,0.041294392,1,meningioma,True,0.8587335,5,1005
CHENG-106592,meningioma,1,0.31458777,0.68474126,0.0006709859,1,meningioma,True,0.68474126,2,1002
CHENG-106665,meningioma,19,0.09156432,0.8634607,0.04497492,1,meningioma,True,0.8634607,3,1003
CHENG-106720,meningioma,17,0.13886888,0.70158875,0.15954237,1,meningioma,True,0.70158875,4,1004
CHENG-106914,meningioma,15,0.04662433,0.8766415,0.07673414,1,meningioma,True,0.8766415,1,1001
CHENG-107190,meningioma,4,0.25174427,0.7309674,0.017288372,1,meningioma,True,0.7309674,2,1002
CHENG-107248,meningioma,15,0.14468938,0.49424,0.3610706,1,meningioma,True,0.49424,3,1003
CHENG-107429,pituitario,20,0.002673299,0.20381942,0.7935073,2,pituitario,True,0.7935073,1,1001
CHENG-107494,meningioma,15,0.13164996,0.690723,0.17762706,1,meningioma,True,0.690723,4,1004
CHENG-107495,pituitario,18,4.1759657e-05,0.0015867144,0.99837154,2,pituitario,True,0.99837154,5,1005
CHENG-107505,pituitario,17,0.00010845899,0.00020258228,0.999689,2,pituitario,True,0.999689,2,1002
CHENG-107743,pituitario,14,0.00019349481,0.0023896426,0.99741685,2,pituitario,True,0.99741685,5,1005
CHENG-107747,glioma,15,0.70201737,0.27142173,0.026560955,0,glioma,True,0.70201737,3,1003
CHENG-107946,meningioma,4,0.99423754,0.005761333,1.1635741e-06,0,glioma,False,0.99423754,4,1004
CHENG-108479,glioma,2,0.20459941,0.3289385,0.46646208,2,pituitario,False,0.46646208,1,1001
CHENG-108514,meningioma,18,0.17890042,0.77769136,0.043408245,1,meningioma,True,0.77769136,2,1002
CHENG-108550,meningioma,6,0.043034554,0.62681526,0.33015022,1,meningioma,True,0.62681526,5,1005
CHENG-108590,meningioma,6,0.031471413,0.72950155,0.23902702,1,meningioma,True,0.72950155,3,1003
CHENG-108858,pituitario,15,0.0032088307,0.0016129955,0.99517816,2,pituitario,True,0.99517816,4,1004
CHENG-108931,pituitario,15,1.4148181e-05,0.0001493063,0.99983656,2,pituitario,True,0.99983656,1,1001
CHENG-108945,meningioma,12,0.19999456,0.7965252,0.0034802884,1,meningioma,True,0.7965252,4,1004
CHENG-109350,meningioma,2,0.14057155,0.4760511,0.38337737,1,meningioma,True,0.4760511,2,1002
CHENG-109411,meningioma,3,0.12393156,0.8535404,0.02252805,1,meningioma,True,0.8535404,3,1003
CHENG-109471,pituitario,16,0.00137624,0.034882177,0.96374154,2,pituitario,True,0.96374154,5,1005
CHENG-109769,pituitario,14,0.00016283906,0.002284214,0.99755293,2,pituitario,True,0.99755293,1,1001
CHENG-109898,pituitario,15,0.0065025655,0.0005225809,0.9929749,2,pituitario,True,0.9929749,2,1002
CHENG-109968,meningioma,12,0.23334414,0.6370835,0.1295724,1,meningioma,True,0.6370835,3,1003
CHENG-110116,meningioma,5,0.00036219702,0.058328234,0.9413096,2,pituitario,False,0.9413096,5,1005
CHENG-110518,pituitario,12,0.0030063258,0.056034487,0.94095916,2,pituitario,True,0.94095916,4,1004
CHENG-110537,pituitario,13,0.00025602494,0.010445898,0.9892981,2,pituitario,True,0.9892981,1,1001
CHENG-110808,meningioma,2,0.20667095,0.79329836,3.0644722e-05,1,meningioma,True,0.79329836,4,1004
CHENG-110993,pituitario,12,0.0007651372,0.015121789,0.98411304,2,pituitario,True,0.98411304,1,1001
CHENG-111075,pituitario,17,0.00085841655,0.0016148391,0.9975267,2,pituitario,True,0.9975267,2,1002
CHENG-111077,meningioma,10,0.104035065,0.7563396,0.13962534,1,meningioma,True,0.7563396,3,1003
CHENG-111125,pituitario,14,0.0010446118,0.004449787,0.9945056,2,pituitario,True,0.9945056,5,1005
CHENG-111366,meningioma,12,0.11294984,0.58176506,0.3052851,1,meningioma,True,0.58176506,3,1003
CHENG-111532,meningioma,11,0.09810493,0.81842935,0.08346576,1,meningioma,True,0.81842935,2,1002
CHENG-111696,meningioma,1,0.47404042,0.50922877,0.016730862,1,meningioma,True,0.50922877,4,1004
CHENG-111710,meningioma,2,0.13407099,0.8657171,0.00021187126,1,meningioma,True,0.8657171,5,1005
CHENG-111785,pituitario,13,0.00013223363,7.241817e-05,0.9997953,2,pituitario,True,0.9997953,2,1002
CHENG-112002,meningioma,12,0.55391616,0.4409853,0.0050985827,0,glioma,False,0.55391616,3,1003
CHENG-112027,glioma,2,0.6210348,0.37804306,0.0009221405,0,glioma,True,0.6210348,5,1005
CHENG-112062,meningioma,10,0.016866375,0.9813086,0.0018250074,1,meningioma,True,0.9813086,1,1001
CHENG-112074,pituitario,14,0.041535936,0.2574212,0.70104283,2,pituitario,True,0.70104283,4,1004
CHENG-112105,glioma,24,0.7180436,0.24084286,0.04111347,0,glioma,True,0.7180436,2,1002
CHENG-112252,meningioma,6,0.061684817,0.83431894,0.10399622,1,meningioma,True,0.83431894,3,1003
CHENG-112552,meningioma,21,0.21767955,0.7444029,0.03791756,1,meningioma,True,0.7444029,5,1005
CHENG-112648,meningioma,10,0.34115997,0.5622919,0.09654814,1,meningioma,True,0.5622919,1,1001
CHENG-112649,pituitario,16,0.058023132,0.011604206,0.93037266,2,pituitario,True,0.93037266,4,1004
CHENG-112650,meningioma,2,0.60753125,0.39211145,0.00035732845,0,glioma,False,0.60753125,2,1002
CHENG-112746,pituitario,12,0.0038370981,0.0053008776,0.9908621,2,pituitario,True,0.9908621,4,1004
CHENG-112847,pituitario,13,0.0006571556,0.045814417,0.95352846,2,pituitario,True,0.95352846,1,1001
CHENG-113098,meningioma,4,0.5832379,0.33037347,0.08638867,0,glioma,False,0.5832379,3,1003
CHENG-113274,pituitario,10,0.0049525313,0.0367569,0.9582906,2,pituitario,True,0.9582906,5,1005
CHENG-113435,meningioma,20,0.22079809,0.6633668,0.11583507,1,meningioma,True,0.6633668,3,1003
CHENG-113554,meningioma,10,0.018508505,0.97433394,0.0071575246,1,meningioma,True,0.97433394,1,1001
CHENG-113614,meningioma,4,0.3019428,0.69747,0.00058723096,1,meningioma,True,0.69747,5,1005
CHENG-113741,pituitario,8,1.8748588e-05,3.5096466e-05,0.9999462,2,pituitario,True,0.9999462,2,1002
CHENG-113805,meningioma,4,0.2206135,0.76445955,0.014927017,1,meningioma,True,0.76445955,4,1004
CHENG-113971,meningioma,2,0.058170717,0.9130428,0.028786534,1,meningioma,True,0.9130428,1,1001
CHENG-114018,meningioma,15,0.043419924,0.23257491,0.7240051,2,pituitario,False,0.7240051,2,1002
CHENG-114040,pituitario,9,0.001486353,0.004624644,0.993889,2,pituitario,True,0.993889,3,1003
CHENG-114094,pituitario,13,0.0020445467,0.022773435,0.975182,2,pituitario,True,0.975182,5,1005
CHENG-114359,meningioma,19,0.29026,0.70742905,0.0023110122,1,meningioma,True,0.70742905,4,1004
CHENG-114361,pituitario,10,3.5043297e-05,0.00022539934,0.9997395,2,pituitario,True,0.9997395,2,1002
CHENG-114417,meningioma,4,0.81692004,0.17845969,0.0046202745,0,glioma,False,0.81692004,4,1004
CHENG-53669,meningioma,1,0.021015327,0.97737396,0.0016107871,1,meningioma,True,0.97737396,1,1001
CHENG-58392,pituitario,1,1.9626489e-06,2.4012927e-05,0.999974,2,pituitario,True,0.999974,3,1003
CHENG-88510,meningioma,1,0.88002694,0.11942988,0.000543148,0,glioma,False,0.88002694,5,1005
CHENG-88670,glioma,12,0.43484315,0.56281453,0.0023423452,1,meningioma,False,0.56281453,1,1001
CHENG-90284,glioma,19,0.626635,0.2522641,0.1211009,0,glioma,True,0.626635,3,1003
CHENG-92897,glioma,4,0.2237852,0.46365103,0.31256375,1,meningioma,False,0.46365103,2,1002
CHENG-93329,glioma,5,0.756654,0.22270326,0.020642698,0,glioma,True,0.756654,4,1004
CHENG-93825,glioma,7,0.74593544,0.25122473,0.0028397944,0,glioma,True,0.74593544,5,1005
CHENG-94731,glioma,3,0.36354998,0.6244101,0.012039949,1,meningioma,False,0.6244101,1,1001
CHENG-95142,glioma,9,0.6464863,0.3007838,0.05272995,0,glioma,True,0.6464863,3,1003
CHENG-95969,meningioma,1,0.94171923,0.058263626,1.722781e-05,0,glioma,False,0.94171923,2,1002
CHENG-96587,glioma,4,0.6778323,0.3221272,4.0503193e-05,0,glioma,True,0.6778323,1,1001
CHENG-97374,meningioma,5,0.4402979,0.55833304,0.0013690329,1,meningioma,True,0.55833304,4,1004
CHENG-97416,pituitario,24,0.050378066,0.08094878,0.86867315,2,pituitario,True,0.86867315,5,1005
CHENG-97461,pituitario,25,0.0010336448,0.009718727,0.98924756,2,pituitario,True,0.98924756,3,1003
CHENG-97481,pituitario,14,0.029349517,0.009043829,0.9616066,2,pituitario,True,0.9616066,4,1004
CHENG-97599,pituitario,7,4.1052546e-05,0.0009910029,0.998968,2,pituitario,True,0.998968,2,1002
CHENG-97607,meningioma,12,0.034272235,0.951519,0.014208746,1,meningioma,True,0.951519,5,1005
CHENG-97609,glioma,10,0.7904845,0.20935437,0.00016114564,0,glioma,True,0.7904845,2,1002
CHENG-97737,meningioma,15,0.01560782,0.9824356,0.0019565811,1,meningioma,True,0.9824356,1,1001
CHENG-97793,meningioma,1,0.0038625014,0.93977517,0.056362398,1,meningioma,True,0.93977517,4,1004
CHENG-97875,meningioma,8,0.12530634,0.39219218,0.48250148,2,pituitario,False,0.48250148,5,1005
CHENG-97890,pituitario,14,3.7339134e-05,0.0015922437,0.99837047,2,pituitario,True,0.99837047,3,1003
CHENG-97943,meningioma,15,0.21566223,0.7702684,0.014069359,1,meningioma,True,0.7702684,1,1001
CHENG-98241,meningioma,19,0.044322465,0.91010284,0.045574676,1,meningioma,True,0.91010284,2,1002
CHENG-98472,pituitario,18,0.00034250904,0.0052566677,0.99440086,2,pituitario,True,0.99440086,3,1003
CHENG-98652,pituitario,12,0.00018220647,0.0032968486,0.99652094,2,pituitario,True,0.99652094,4,1004
CHENG-98871,pituitario,20,0.067294255,0.04868074,0.884025,2,pituitario,True,0.884025,5,1005
CHENG-98874,pituitario,16,4.089212e-05,0.0012421248,0.998717,2,pituitario,True,0.998717,2,1002
CHENG-98889,glioma,6,0.9415825,0.058290467,0.00012698771,0,glioma,True,0.9415825,1,1001
CHENG-98992,pituitario,25,0.037014917,0.08691693,0.8760682,2,pituitario,True,0.8760682,3,1003
CHENG-98995,pituitario,16,1.3455149e-05,0.0029624023,0.9970241,2,pituitario,True,0.9970241,4,1004
CHENG-99017,meningioma,6,0.017683648,0.75730866,0.22500773,1,meningioma,True,0.75730866,5,1005
CHENG-99089,meningioma,13,0.061038487,0.836715,0.10224656,1,meningioma,True,0.836715,1,1001
CHENG-99162,meningioma,3,0.22361976,0.61669236,0.15968783,1,meningioma,True,0.61669236,3,1003
CHENG-99223,pituitario,21,0.0049486463,0.03791424,0.95713717,2,pituitario,True,0.95713717,2,1002
CHENG-99288,meningioma,3,0.2281517,0.7539179,0.01793042,1,meningioma,True,0.7539179,4,1004
CHENG-99308,meningioma,15,0.13094617,0.86768717,0.0013666921,1,meningioma,True,0.86768717,4,1004
CHENG-99815,meningioma,6,0.0013056262,0.99863,6.444309e-05,1,meningioma,True,0.99863,5,1005
CHENG-MR017260F,glioma,23,0.9447409,0.055112667,0.00014645379,0,glioma,True,0.9447409,1,1001
CHENG-MR024780B,glioma,8,0.99985707,0.00010828623,3.4664445e-05,0,glioma,True,0.99985707,2,1002
CHENG-MR024780D,glioma,7,0.99974644,0.00022981036,2.3763716e-05,0,glioma,True,0.99974644,3,1003
CHENG-MR024780E,glioma,7,0.9998621,0.000106931686,3.099259e-05,0,glioma,True,0.9998621,3,1003
CHENG-MR024780G,glioma,29,0.99794155,0.0015735718,0.00048486402,0,glioma,True,0.99794155,5,1005
CHENG-MR026175C,glioma,18,0.9980112,0.0014211833,0.00056761655,0,glioma,True,0.9980112,5,1005
CHENG-MR026175E,glioma,22,0.9959677,0.00321893,0.0008133842,0,glioma,True,0.9959677,1,1001
CHENG-MR029209E,glioma,24,0.9771274,0.021081159,0.0017914665,0,glioma,True,0.9771274,2,1002
CHENG-MR029209G,glioma,20,0.9964978,0.003496938,5.2788114e-06,0,glioma,True,0.9964978,4,1004
CHENG-MR029209I,glioma,26,0.9979824,0.002011666,5.967727e-06,0,glioma,True,0.9979824,1,1001
CHENG-MR031409B,glioma,7,0.9950357,0.004612952,0.00035129805,0,glioma,True,0.9950357,3,1003
CHENG-MR032322C,glioma,38,0.9938164,0.005712634,0.00047093452,0,glioma,True,0.9938164,2,1002
CHENG-MR033389B,glioma,24,0.999947,5.295611e-05,1.2842553e-08,0,glioma,True,0.999947,4,1004
CHENG-MR033420,glioma,26,0.97986925,0.017816441,0.002314336,0,glioma,True,0.97986925,5,1005
CHENG-MR034694,glioma,15,0.99482244,0.00014705039,0.005030532,0,glioma,True,0.99482244,3,1003
CHENG-MR034997,glioma,21,0.9982633,0.0017086599,2.8054901e-05,0,glioma,True,0.9982633,1,1001
CHENG-MR036496B,glioma,16,0.99982643,0.0001707119,2.8443064e-06,0,glioma,True,0.99982643,5,1005
CHENG-MR037458B,glioma,21,0.49199703,0.40532032,0.10268268,0,glioma,True,0.49199703,2,1002
CHENG-MR037458C,glioma,19,0.99617326,0.002403198,0.0014235057,0,glioma,True,0.99617326,4,1004
CHENG-MR038469,glioma,18,0.9457667,0.047213838,0.007019543,0,glioma,True,0.9457667,1,1001
CHENG-MR039473,glioma,15,0.9716091,0.0040922994,0.024298573,0,glioma,True,0.9716091,2,1002
CHENG-MR039473B,glioma,23,0.9991091,0.0004194497,0.00047142635,0,glioma,True,0.9991091,4,1004
CHENG-MR040240,glioma,28,0.97907704,0.020456228,0.00046667407,0,glioma,True,0.97907704,5,1005
CHENG-MR040240B,glioma,25,0.99927133,0.0005189512,0.0002097055,0,glioma,True,0.99927133,3,1003
CHENG-MR040240C,glioma,31,0.9939677,0.0052972147,0.0007350778,0,glioma,True,0.9939677,1,1001
CHENG-MR040240D,glioma,13,0.9958187,0.0025843517,0.00159695,0,glioma,True,0.9958187,2,1002
CHENG-MR047953C,glioma,9,0.9869048,0.00021290094,0.012882363,0,glioma,True,0.9869048,4,1004
CHENG-MR048294,glioma,22,0.94738096,0.05211222,0.0005068719,0,glioma,True,0.94738096,5,1005
CHENG-MR048294B,glioma,15,0.9984414,0.0015113216,4.7311303e-05,0,glioma,True,0.9984414,3,1003
CHENG-MR048297,glioma,17,0.9982873,0.001712138,5.42826e-07,0,glioma,True,0.9982873,4,1004
CHENG-MR048621B,glioma,19,0.986087,0.012935722,0.0009773007,0,glioma,True,0.986087,1,1001
CHENG-MR048944,glioma,23,0.82746166,0.1631121,0.00942629,0,glioma,True,0.82746166,3,1003
CHENG-MR048944B,glioma,13,0.99990046,4.1161482e-05,5.83954e-05,0,glioma,True,0.99990046,2,1002
CHENG-MR048994,glioma,26,0.95755446,0.042065468,0.0003800619,0,glioma,True,0.95755446,2,1002
CHENG-MR048994B,glioma,17,0.9996827,0.00019243533,0.00012488296,0,glioma,True,0.9996827,5,1005
CHENG-MR049019C,glioma,12,0.98108906,0.006545858,0.012365091,0,glioma,True,0.98108906,1,1001
CHENG-MR049019G,glioma,15,0.99961036,0.0002667508,0.00012282009,0,glioma,True,0.99961036,5,1005
CHENG-MR049104,glioma,9,0.99983853,0.0001320676,2.9332246e-05,0,glioma,True,0.99983853,3,1003
CHENG-MR049104B,glioma,8,0.9996506,0.0003423391,7.070116e-06,0,glioma,True,0.9996506,4,1004
CHENG-MR049142,glioma,10,0.52373964,0.45649332,0.019767025,0,glioma,True,0.52373964,3,1003
CHENG-MR049242C,glioma,5,0.99991006,8.347025e-05,6.4560104e-06,0,glioma,True,0.99991006,1,1001
CHENG-MR049358,glioma,26,0.9409074,0.0071928957,0.05189971,0,glioma,True,0.9409074,5,1005
CHENG-MR049453,glioma,25,0.9998052,0.00015722812,3.7544713e-05,0,glioma,True,0.9998052,2,1002
CHENG-MR049453B,glioma,22,0.9658258,0.002184685,0.031989504,0,glioma,True,0.9658258,4,1004
CHENG-MR049942B,glioma,10,0.933468,0.0025628293,0.06396917,0,glioma,True,0.933468,2,1002
CHENG-MR050135B,glioma,34,0.9980333,0.001373566,0.0005931642,0,glioma,True,0.9980333,1,1001
CHENG-MR050687,glioma,22,0.9559963,0.043919113,8.464494e-05,0,glioma,True,0.9559963,4,1004
CHENG-MR050687C,glioma,18,0.9642761,0.017224297,0.01849961,0,glioma,True,0.9642761,2,1002
CHENG-MR050791B,glioma,22,0.89564055,0.09816007,0.0061993734,0,glioma,True,0.89564055,3,1003
CHENG-MR051461,glioma,23,0.9994659,0.00049627846,3.7889356e-05,0,glioma,True,0.9994659,5,1005
CHENG-MR051461B,glioma,9,0.97578853,0.02372415,0.00048728462,0,glioma,True,0.97578853,1,1001
CHENG-MR051586,glioma,22,0.99793816,0.0020223537,3.94943e-05,0,glioma,True,0.99793816,3,1003
CHENG-MR051644,glioma,37,0.98072433,0.017850203,0.0014255063,0,glioma,True,0.98072433,4,1004
CHENG-MR051644B,glioma,16,0.9997116,4.208992e-05,0.00024630575,0,glioma,True,0.9997116,5,1005
CHENG-MR051644C,glioma,35,0.99582565,0.0037201694,0.000454186,0,glioma,True,0.99582565,2,1002
CHENG-MR051651,glioma,17,0.9960935,0.0039051354,1.2918003e-06,0,glioma,True,0.9960935,4,1004
CHENG-MR051651B,glioma,19,0.9054989,0.024515256,0.069985844,0,glioma,True,0.9054989,3,1003
CHENG-MR051796,glioma,20,0.99791336,0.0014147401,0.00067188905,0,glioma,True,0.99791336,1,1001
CHENG-MR051796B,glioma,11,0.9998593,0.000108527434,3.2194923e-05,0,glioma,True,0.9998593,1,1001
CHENG-MR052550,glioma,18,0.999441,0.00044297767,0.00011597088,0,glioma,True,0.999441,5,1005
CHENG-MR052585B,glioma,6,0.96252126,0.0011590092,0.036319725,0,glioma,True,0.96252126,2,1002
CHENG-MR053110B,glioma,19,0.9871361,0.011882038,0.0009818358,0,glioma,True,0.9871361,5,1005
CHENG-MR053110E,glioma,22,0.9823154,0.0049420865,0.012742522,0,glioma,True,0.9823154,3,1003
CHENG-MR053241C,glioma,4,0.9995682,0.00043159712,1.9561904e-07,0,glioma,True,0.9995682,4,1004
CHENG-MR054683,glioma,6,0.79169255,0.04754418,0.16076325,0,glioma,True,0.79169255,1,1001
CHENG-MR054875,glioma,9,0.99215835,0.0024497288,0.0053919107,0,glioma,True,0.99215835,2,1002
CHENG-MR056144,glioma,5,0.96569765,0.030763656,0.0035387215,0,glioma,True,0.96569765,4,1004
